Listed In,Show Id
Children & Family Movies,s1320
Children & Family Movies,s2829
Children & Family Movies,s2751
Children & Family Movies,s1010
Children & Family Movies,s7595
Children & Family Movies,s1581
Children & Family Movies,s1075
Children & Family Movies,s1078
Children & Family Movies,s1011
Children & Family Movies,s6465
Children & Family Movies,s3173
Children & Family Movies,s7232
Children & Family Movies,s7231
Children & Family Movies,s5143
Children & Family Movies,s5492
Children & Family Movies,s4991
Children & Family Movies,s4140
Children & Family Movies,s6463
Children & Family Movies,s8123
Children & Family Movies,s6174
Children & Family Movies,s7109
Children & Family Movies,s1077
Children & Family Movies,s8182
Children & Family Movies,s8155
Children & Family Movies,s8163
Children & Family Movies,s7498
Children & Family Movies,s8715
Children & Family Movies,s7496
Children & Family Movies,s7493
Children & Family Movies,s5341
Children & Family Movies,s7499
Children & Family Movies,s7492
Children & Family Movies,s7230
Children & Family Movies,s7497
Children & Family Movies,s2718
Children & Family Movies,s5644
Children & Family Movies,s7788
Children & Family Movies,s7789
Children & Family Movies,s7494
Children & Family Movies,s7502
Children & Family Movies,s7234
Children & Family Movies,s7228
Children & Family Movies,s7490
Children & Family Movies,s6126
Children & Family Movies,s7776
Children & Family Movies,s7495
Children & Family Movies,s8582
Children & Family Movies,s7227
Children & Family Movies,s7500
Children & Family Movies,s7233
Children & Family Movies,s6240
Children & Family Movies,s1027
Children & Family Movies,s1152
Children & Family Movies,s2132
Children & Family Movies,s1860
Children & Family Movies,s1610
Children & Family Movies,s1884
Children & Family Movies,s2580
Children & Family Movies,s1667
Children & Family Movies,s1816
Children & Family Movies,s1491
Children & Family Movies,s2156
Children & Family Movies,s2812
Children & Family Movies,s2813
Children & Family Movies,s2815
Children & Family Movies,s3585
Children & Family Movies,s3509
Children & Family Movies,s3351
Children & Family Movies,s3457
Children & Family Movies,s3230
Children & Family Movies,s4146
Children & Family Movies,s3398
Children & Family Movies,s1633
Children & Family Movies,s3232
Children & Family Movies,s3395
Children & Family Movies,s3396
Children & Family Movies,s3470
Children & Family Movies,s3910
Children & Family Movies,s3397
Children & Family Movies,s1408
Children & Family Movies,s2774
Children & Family Movies,s1009
Children & Family Movies,s2167
Children & Family Movies,s1893
Children & Family Movies,s1636
Children & Family Movies,s2594
Children & Family Movies,s2595
Children & Family Movies,s2596
Children & Family Movies,s1582
Children & Family Movies,s2771
Children & Family Movies,s2441
Children & Family Movies,s2082
Children & Family Movies,s1601
Children & Family Movies,s2178
Children & Family Movies,s1872
Children & Family Movies,s1589
Children & Family Movies,s1753
Children & Family Movies,s1557
Children & Family Movies,s1752
Children & Family Movies,s4535
Children & Family Movies,s4324
Children & Family Movies,s4353
Children & Family Movies,s4590
Children & Family Movies,s4365
Children & Family Movies,s4591
Children & Family Movies,s6298
Children & Family Movies,s7930
Children & Family Movies,s6646
Children & Family Movies,s4918
Children & Family Movies,s2859
Children & Family Movies,s5270
Children & Family Movies,s3319
Children & Family Movies,s6244
Children & Family Movies,s1079
Children & Family Movies,s6406
Children & Family Movies,s6407
Children & Family Movies,s4141
Children & Family Movies,s6237
Children & Family Movies,s8785
Children & Family Movies,s6238
Children & Family Movies,s5888
Children & Family Movies,s7229
Children & Family Movies,s6242
Children & Family Movies,s6239
Children & Family Movies,s7378
Children & Family Movies,s6235
Children & Family Movies,s7279
Children & Family Movies,s6241
Children & Family Movies,s6243
Children & Family Movies,s6236
Children & Family Movies,s7276
Children & Family Movies,s1305
Children & Family Movies,s1845
Children & Family Movies,s7596
Children & Family Movies,s6622
Children & Family Movies,s6170
Children & Family Movies,s3322
Children & Family Movies,s6110
Children & Family Movies,s7960
Children & Family Movies,s2189
Children & Family Movies,s8360
Children & Family Movies,s2028
Children & Family Movies,s8787
Children & Family Movies,s2745
Children & Family Movies,s6349
Children & Family Movies,s6125
Children & Family Movies,s7501
Children & Family Movies,s6285
Children & Family Movies,s7935
Children & Family Movies,s2005
Children & Family Movies,s8442
Children & Family Movies,s3767
Children & Family Movies,s1754
Children & Family Movies,s6066
Children & Family Movies,s7489
Children & Family Movies,s7953
Children & Family Movies,s4558
Children & Family Movies,s6953
Children & Family Movies,s8396
Children & Family Movies,s6334
Children & Family Movies,s7526
Children & Family Movies,s2011
Children & Family Movies,s6367
Children & Family Movies,s2261
Children & Family Movies,s8185
Children & Family Movies,s7283
Children & Family Movies,s7817
Children & Family Movies,s6537
Children & Family Movies,s4066
Children & Family Movies,s7056
Children & Family Movies,s8554
Children & Family Movies,s8184
Children & Family Movies,s8267
Children & Family Movies,s8467
Children & Family Movies,s8456
Children & Family Movies,s8595
Children & Family Movies,s6222
Children & Family Movies,s8462
Children & Family Movies,s3545
Children & Family Movies,s6223
Children & Family Movies,s8153
Children & Family Movies,s6154
Children & Family Movies,s8152
Children & Family Movies,s6155
Children & Family Movies,s6782
Children & Family Movies,s6152
Children & Family Movies,s6117
Children & Family Movies,s6153
Children & Family Movies,s812
Children & Family Movies,s406
Children & Family Movies,s407
Children & Family Movies,s408
Children & Family Movies,s409
Children & Family Movies,s410
Children & Family Movies,s411
Children & Family Movies,s412
Children & Family Movies,s413
Children & Family Movies,s414
Children & Family Movies,s415
Children & Family Movies,s416
Children & Family Movies,s417
Children & Family Movies,s418
Children & Family Movies,s419
Children & Family Movies,s421
Children & Family Movies,s422
Children & Family Movies,s423
Children & Family Movies,s424
Children & Family Movies,s425
Children & Family Movies,s433
Children & Family Movies,s81
Children & Family Movies,s76
Children & Family Movies,s72
Children & Family Movies,s65
Children & Family Movies,s24
Children & Family Movies,s7
"Children & Family Movies, Comedies",s1259
"Children & Family Movies, Comedies",s1097
"Children & Family Movies, Comedies",s6582
"Children & Family Movies, Comedies",s7293
"Children & Family Movies, Comedies",s7514
"Children & Family Movies, Comedies",s7318
"Children & Family Movies, Comedies",s2216
"Children & Family Movies, Comedies",s2130
"Children & Family Movies, Comedies",s2012
"Children & Family Movies, Comedies",s1171
"Children & Family Movies, Comedies",s1425
"Children & Family Movies, Comedies",s2928
"Children & Family Movies, Comedies",s2208
"Children & Family Movies, Comedies",s2077
"Children & Family Movies, Comedies",s1592
"Children & Family Movies, Comedies",s2237
"Children & Family Movies, Comedies",s2115
"Children & Family Movies, Comedies",s1703
"Children & Family Movies, Comedies",s3443
"Children & Family Movies, Comedies",s7320
"Children & Family Movies, Comedies",s3391
"Children & Family Movies, Comedies",s7319
"Children & Family Movies, Comedies",s3226
"Children & Family Movies, Comedies",s1007
"Children & Family Movies, Comedies",s5376
"Children & Family Movies, Comedies",s5424
"Children & Family Movies, Comedies",s5774
"Children & Family Movies, Comedies",s7314
"Children & Family Movies, Comedies",s7315
"Children & Family Movies, Comedies",s5762
"Children & Family Movies, Comedies",s5242
"Children & Family Movies, Comedies",s3316
"Children & Family Movies, Comedies",s6081
"Children & Family Movies, Comedies",s7241
"Children & Family Movies, Comedies",s6749
"Children & Family Movies, Comedies",s3059
"Children & Family Movies, Comedies",s8603
"Children & Family Movies, Comedies",s2186
"Children & Family Movies, Comedies",s1986
"Children & Family Movies, Comedies",s2764
"Children & Family Movies, Comedies",s2209
"Children & Family Movies, Comedies",s1656
"Children & Family Movies, Comedies",s1508
"Children & Family Movies, Comedies",s1254
"Children & Family Movies, Comedies",s1008
"Children & Family Movies, Comedies",s5138
"Children & Family Movies, Comedies",s5354
"Children & Family Movies, Comedies",s1006
"Children & Family Movies, Comedies",s7543
"Children & Family Movies, Comedies",s5622
"Children & Family Movies, Comedies",s3325
"Children & Family Movies, Comedies",s7542
"Children & Family Movies, Comedies",s3321
"Children & Family Movies, Comedies",s3324
"Children & Family Movies, Comedies",s3058
"Children & Family Movies, Comedies",s1672
"Children & Family Movies, Comedies",s3821
"Children & Family Movies, Comedies",s3748
"Children & Family Movies, Comedies",s7597
"Children & Family Movies, Comedies",s1750
"Children & Family Movies, Comedies",s4122
"Children & Family Movies, Comedies",s3106
"Children & Family Movies, Comedies",s3162
"Children & Family Movies, Comedies",s3452
"Children & Family Movies, Comedies",s4370
"Children & Family Movies, Comedies",s6385
"Children & Family Movies, Comedies",s6384
"Children & Family Movies, Comedies",s3320
"Children & Family Movies, Comedies",s8249
"Children & Family Movies, Comedies",s6383
"Children & Family Movies, Comedies",s5858
"Children & Family Movies, Comedies",s5412
"Children & Family Movies, Comedies",s3323
"Children & Family Movies, Comedies",s7934
"Children & Family Movies, Comedies",s4290
"Children & Family Movies, Comedies",s7242
"Children & Family Movies, Comedies",s7532
"Children & Family Movies, Comedies",s2168
"Children & Family Movies, Comedies",s3830
"Children & Family Movies, Comedies",s4287
"Children & Family Movies, Comedies",s5116
"Children & Family Movies, Comedies",s5190
"Children & Family Movies, Comedies",s5312
"Children & Family Movies, Comedies",s4059
"Children & Family Movies, Comedies",s6932
"Children & Family Movies, Comedies",s4061
"Children & Family Movies, Comedies",s3100
"Children & Family Movies, Comedies",s1370
"Children & Family Movies, Comedies",s1219
"Children & Family Movies, Comedies",s2657
"Children & Family Movies, Comedies",s2563
"Children & Family Movies, Comedies",s8191
"Children & Family Movies, Comedies",s3274
"Children & Family Movies, Comedies",s1495
"Children & Family Movies, Comedies",s1652
"Children & Family Movies, Comedies",s1577
"Children & Family Movies, Comedies",s8502
"Children & Family Movies, Comedies",s6884
"Children & Family Movies, Comedies",s4374
"Children & Family Movies, Comedies",s4761
"Children & Family Movies, Comedies",s7733
"Children & Family Movies, Comedies",s7009
"Children & Family Movies, Comedies",s7827
"Children & Family Movies, Comedies",s8361
"Children & Family Movies, Comedies",s7068
"Children & Family Movies, Comedies",s6641
"Children & Family Movies, Comedies",s4493
"Children & Family Movies, Comedies",s5200
"Children & Family Movies, Comedies",s6309
"Children & Family Movies, Comedies",s6535
"Children & Family Movies, Comedies",s1113
"Children & Family Movies, Comedies",s7487
"Children & Family Movies, Comedies",s1435
"Children & Family Movies, Comedies",s7453
"Children & Family Movies, Comedies",s2378
"Children & Family Movies, Comedies",s8777
"Children & Family Movies, Comedies",s1407
"Children & Family Movies, Comedies",s6841
"Children & Family Movies, Comedies",s7527
"Children & Family Movies, Comedies",s1695
"Children & Family Movies, Comedies",s8642
"Children & Family Movies, Comedies",s8259
"Children & Family Movies, Comedies",s2004
"Children & Family Movies, Comedies",s8458
"Children & Family Movies, Comedies",s1834
"Children & Family Movies, Comedies",s6187
"Children & Family Movies, Comedies",s7462
"Children & Family Movies, Comedies",s6993
"Children & Family Movies, Comedies",s7146
"Children & Family Movies, Comedies",s2072
"Children & Family Movies, Comedies",s3017
"Children & Family Movies, Comedies",s1486
"Children & Family Movies, Comedies",s2080
"Children & Family Movies, Comedies",s8431
"Children & Family Movies, Comedies",s6434
"Children & Family Movies, Comedies",s2057
"Children & Family Movies, Comedies",s6819
"Children & Family Movies, Comedies",s8011
"Children & Family Movies, Comedies",s7815
"Children & Family Movies, Comedies",s6355
"Children & Family Movies, Comedies",s2583
"Children & Family Movies, Comedies",s8159
"Children & Family Movies, Comedies",s5649
"Children & Family Movies, Comedies",s6272
"Children & Family Movies, Comedies",s6798
"Children & Family Movies, Comedies",s7670
"Children & Family Movies, Comedies",s8806
"Children & Family Movies, Comedies",s8656
"Children & Family Movies, Comedies",s1617
"Children & Family Movies, Comedies",s8455
"Children & Family Movies, Comedies",s6371
"Children & Family Movies, Comedies",s1762
"Children & Family Movies, Comedies",s8160
"Children & Family Movies, Comedies",s8305
"Children & Family Movies, Comedies",s7104
"Children & Family Movies, Comedies",s1454
"Children & Family Movies, Comedies",s7014
"Children & Family Movies, Comedies",s8075
"Children & Family Movies, Comedies",s8076
"Children & Family Movies, Comedies",s8111
"Children & Family Movies, Comedies",s6306
"Children & Family Movies, Comedies",s2597
"Children & Family Movies, Comedies",s6640
"Children & Family Movies, Comedies",s8077
"Children & Family Movies, Comedies",s6838
"Children & Family Movies, Comedies",s6551
"Children & Family Movies, Comedies",s7580
"Children & Family Movies, Comedies",s6481
"Children & Family Movies, Comedies",s6447
"Children & Family Movies, Comedies",s8794
"Children & Family Movies, Comedies",s5737
"Children & Family Movies, Comedies",s2912
"Children & Family Movies, Comedies",s3060
"Children & Family Movies, Comedies",s6467
"Children & Family Movies, Comedies",s3473
"Children & Family Movies, Comedies",s3476
"Children & Family Movies, Comedies",s962
"Children & Family Movies, Comedies",s955
"Children & Family Movies, Comedies",s938
"Children & Family Movies, Comedies",s941
"Children & Family Movies, Comedies",s942
"Children & Family Movies, Comedies",s936
"Children & Family Movies, Comedies",s925
"Children & Family Movies, Comedies",s883
"Children & Family Movies, Comedies",s862
"Children & Family Movies, Comedies",s864
"Children & Family Movies, Comedies",s830
"Children & Family Movies, Comedies",s740
"Children & Family Movies, Comedies",s594
"Children & Family Movies, Comedies",s596
"Children & Family Movies, Comedies",s574
"Children & Family Movies, Comedies",s575
"Children & Family Movies, Comedies",s569
"Children & Family Movies, Comedies",s346
"Children & Family Movies, Comedies",s326
"Children & Family Movies, Comedies",s327
"Children & Family Movies, Comedies",s168
"Children & Family Movies, Comedies",s128
"Children & Family Movies, Comedies",s95
"Children & Family Movies, Comedies",s78
"Children & Family Movies, Comedies",s14
"Comedies, Dramas, International Movies",s1166
"Comedies, Dramas, International Movies",s2118
"Comedies, Dramas, International Movies",s3564
"Comedies, Dramas, International Movies",s2458
"Comedies, Dramas, International Movies",s2020
"Comedies, Dramas, International Movies",s2539
"Comedies, Dramas, International Movies",s3891
"Comedies, Dramas, International Movies",s3869
"Comedies, Dramas, International Movies",s3180
"Comedies, Dramas, International Movies",s2117
"Comedies, Dramas, International Movies",s6419
"Comedies, Dramas, International Movies",s7686
"Comedies, Dramas, International Movies",s5430
"Comedies, Dramas, International Movies",s6077
"Comedies, Dramas, International Movies",s2272
"Comedies, Dramas, International Movies",s4603
"Comedies, Dramas, International Movies",s4575
"Comedies, Dramas, International Movies",s8125
"Comedies, Dramas, International Movies",s4713
"Comedies, Dramas, International Movies",s6073
"Comedies, Dramas, International Movies",s2282
"Comedies, Dramas, International Movies",s8790
"Comedies, Dramas, International Movies",s4584
"Comedies, Dramas, International Movies",s8774
"Comedies, Dramas, International Movies",s2442
"Comedies, Dramas, International Movies",s7703
"Comedies, Dramas, International Movies",s5221
"Comedies, Dramas, International Movies",s5401
"Comedies, Dramas, International Movies",s1432
"Comedies, Dramas, International Movies",s1233
"Comedies, Dramas, International Movies",s1347
"Comedies, Dramas, International Movies",s1713
"Comedies, Dramas, International Movies",s1607
"Comedies, Dramas, International Movies",s1898
"Comedies, Dramas, International Movies",s1492
"Comedies, Dramas, International Movies",s2767
"Comedies, Dramas, International Movies",s2354
"Comedies, Dramas, International Movies",s3045
"Comedies, Dramas, International Movies",s3792
"Comedies, Dramas, International Movies",s2701
"Comedies, Dramas, International Movies",s1496
"Comedies, Dramas, International Movies",s2138
"Comedies, Dramas, International Movies",s2675
"Comedies, Dramas, International Movies",s3702
"Comedies, Dramas, International Movies",s3497
"Comedies, Dramas, International Movies",s2301
"Comedies, Dramas, International Movies",s3033
"Comedies, Dramas, International Movies",s3890
"Comedies, Dramas, International Movies",s2695
"Comedies, Dramas, International Movies",s3406
"Comedies, Dramas, International Movies",s6468
"Comedies, Dramas, International Movies",s3837
"Comedies, Dramas, International Movies",s1600
"Comedies, Dramas, International Movies",s4384
"Comedies, Dramas, International Movies",s3381
"Comedies, Dramas, International Movies",s4474
"Comedies, Dramas, International Movies",s6403
"Comedies, Dramas, International Movies",s4826
"Comedies, Dramas, International Movies",s4359
"Comedies, Dramas, International Movies",s7592
"Comedies, Dramas, International Movies",s4003
"Comedies, Dramas, International Movies",s4268
"Comedies, Dramas, International Movies",s4715
"Comedies, Dramas, International Movies",s4137
"Comedies, Dramas, International Movies",s5530
"Comedies, Dramas, International Movies",s4883
"Comedies, Dramas, International Movies",s4924
"Comedies, Dramas, International Movies",s5123
"Comedies, Dramas, International Movies",s4022
"Comedies, Dramas, International Movies",s4149
"Comedies, Dramas, International Movies",s4698
"Comedies, Dramas, International Movies",s3145
"Comedies, Dramas, International Movies",s4199
"Comedies, Dramas, International Movies",s5352
"Comedies, Dramas, International Movies",s5533
"Comedies, Dramas, International Movies",s5544
"Comedies, Dramas, International Movies",s6084
"Comedies, Dramas, International Movies",s4984
"Comedies, Dramas, International Movies",s7430
"Comedies, Dramas, International Movies",s5743
"Comedies, Dramas, International Movies",s4020
"Comedies, Dramas, International Movies",s3993
"Comedies, Dramas, International Movies",s5311
"Comedies, Dramas, International Movies",s6130
"Comedies, Dramas, International Movies",s8195
"Comedies, Dramas, International Movies",s3133
"Comedies, Dramas, International Movies",s2287
"Comedies, Dramas, International Movies",s5365
"Comedies, Dramas, International Movies",s5639
"Comedies, Dramas, International Movies",s5125
"Comedies, Dramas, International Movies",s6159
"Comedies, Dramas, International Movies",s8799
"Comedies, Dramas, International Movies",s2288
"Comedies, Dramas, International Movies",s5910
"Comedies, Dramas, International Movies",s2403
"Comedies, Dramas, International Movies",s1820
"Comedies, Dramas, International Movies",s2438
"Comedies, Dramas, International Movies",s7247
"Comedies, Dramas, International Movies",s2631
"Comedies, Dramas, International Movies",s7346
"Comedies, Dramas, International Movies",s6983
"Comedies, Dramas, International Movies",s2613
"Comedies, Dramas, International Movies",s3003
"Comedies, Dramas, International Movies",s8464
"Comedies, Dramas, International Movies",s3911
"Comedies, Dramas, International Movies",s1210
"Comedies, Dramas, International Movies",s1683
"Comedies, Dramas, International Movies",s1099
"Comedies, Dramas, International Movies",s1038
"Comedies, Dramas, International Movies",s1312
"Comedies, Dramas, International Movies",s1524
"Comedies, Dramas, International Movies",s2664
"Comedies, Dramas, International Movies",s2761
"Comedies, Dramas, International Movies",s1572
"Comedies, Dramas, International Movies",s1415
"Comedies, Dramas, International Movies",s3538
"Comedies, Dramas, International Movies",s2047
"Comedies, Dramas, International Movies",s2936
"Comedies, Dramas, International Movies",s3875
"Comedies, Dramas, International Movies",s3207
"Comedies, Dramas, International Movies",s3007
"Comedies, Dramas, International Movies",s2857
"Comedies, Dramas, International Movies",s3951
"Comedies, Dramas, International Movies",s2608
"Comedies, Dramas, International Movies",s3413
"Comedies, Dramas, International Movies",s1476
"Comedies, Dramas, International Movies",s2818
"Comedies, Dramas, International Movies",s1323
"Comedies, Dramas, International Movies",s2689
"Comedies, Dramas, International Movies",s4811
"Comedies, Dramas, International Movies",s4790
"Comedies, Dramas, International Movies",s6184
"Comedies, Dramas, International Movies",s8673
"Comedies, Dramas, International Movies",s4288
"Comedies, Dramas, International Movies",s4210
"Comedies, Dramas, International Movies",s8115
"Comedies, Dramas, International Movies",s4298
"Comedies, Dramas, International Movies",s4695
"Comedies, Dramas, International Movies",s3198
"Comedies, Dramas, International Movies",s4585
"Comedies, Dramas, International Movies",s3202
"Comedies, Dramas, International Movies",s4604
"Comedies, Dramas, International Movies",s4072
"Comedies, Dramas, International Movies",s4076
"Comedies, Dramas, International Movies",s7681
"Comedies, Dramas, International Movies",s6442
"Comedies, Dramas, International Movies",s4691
"Comedies, Dramas, International Movies",s8720
"Comedies, Dramas, International Movies",s5052
"Comedies, Dramas, International Movies",s5740
"Comedies, Dramas, International Movies",s3179
"Comedies, Dramas, International Movies",s5223
"Comedies, Dramas, International Movies",s5516
"Comedies, Dramas, International Movies",s2734
"Comedies, Dramas, International Movies",s2027
"Comedies, Dramas, International Movies",s2026
"Comedies, Dramas, International Movies",s7041
"Comedies, Dramas, International Movies",s7120
"Comedies, Dramas, International Movies",s8392
"Comedies, Dramas, International Movies",s5531
"Comedies, Dramas, International Movies",s8700
"Comedies, Dramas, International Movies",s7115
"Comedies, Dramas, International Movies",s4449
"Comedies, Dramas, International Movies",s3127
"Comedies, Dramas, International Movies",s3619
"Comedies, Dramas, International Movies",s2727
"Comedies, Dramas, International Movies",s2283
"Comedies, Dramas, International Movies",s4573
"Comedies, Dramas, International Movies",s4661
"Comedies, Dramas, International Movies",s1940
"Comedies, Dramas, International Movies",s4336
"Comedies, Dramas, International Movies",s2748
"Comedies, Dramas, International Movies",s1473
"Comedies, Dramas, International Movies",s2725
"Comedies, Dramas, International Movies",s8592
"Comedies, Dramas, International Movies",s4074
"Comedies, Dramas, International Movies",s8696
"Comedies, Dramas, International Movies",s5388
"Comedies, Dramas, International Movies",s4104
"Comedies, Dramas, International Movies",s7544
"Comedies, Dramas, International Movies",s1603
"Comedies, Dramas, International Movies",s4794
"Comedies, Dramas, International Movies",s2585
"Comedies, Dramas, International Movies",s4427
"Comedies, Dramas, International Movies",s6321
"Comedies, Dramas, International Movies",s7806
"Comedies, Dramas, International Movies",s3150
"Comedies, Dramas, International Movies",s8586
"Comedies, Dramas, International Movies",s6185
"Comedies, Dramas, International Movies",s2291
"Comedies, Dramas, International Movies",s2616
"Comedies, Dramas, International Movies",s7096
"Comedies, Dramas, International Movies",s6908
"Comedies, Dramas, International Movies",s4801
"Comedies, Dramas, International Movies",s6440
"Comedies, Dramas, International Movies",s6076
"Comedies, Dramas, International Movies",s4428
"Comedies, Dramas, International Movies",s8193
"Comedies, Dramas, International Movies",s2639
"Comedies, Dramas, International Movies",s6269
"Comedies, Dramas, International Movies",s2721
"Comedies, Dramas, International Movies",s4580
"Comedies, Dramas, International Movies",s4455
"Comedies, Dramas, International Movies",s7932
"Comedies, Dramas, International Movies",s4465
"Comedies, Dramas, International Movies",s4955
"Comedies, Dramas, International Movies",s4441
"Comedies, Dramas, International Movies",s3140
"Comedies, Dramas, International Movies",s4798
"Comedies, Dramas, International Movies",s2435
"Comedies, Dramas, International Movies",s4791
"Comedies, Dramas, International Movies",s7187
"Comedies, Dramas, International Movies",s7423
"Comedies, Dramas, International Movies",s4430
"Comedies, Dramas, International Movies",s7831
"Comedies, Dramas, International Movies",s7175
"Comedies, Dramas, International Movies",s8318
"Comedies, Dramas, International Movies",s2733
"Comedies, Dramas, International Movies",s4957
"Comedies, Dramas, International Movies",s3132
"Comedies, Dramas, International Movies",s2723
"Comedies, Dramas, International Movies",s2735
"Comedies, Dramas, International Movies",s2075
"Comedies, Dramas, International Movies",s5501
"Comedies, Dramas, International Movies",s5483
"Comedies, Dramas, International Movies",s1862
"Comedies, Dramas, International Movies",s2489
"Comedies, Dramas, International Movies",s7520
"Comedies, Dramas, International Movies",s2492
"Comedies, Dramas, International Movies",s2488
"Comedies, Dramas, International Movies",s2483
"Comedies, Dramas, International Movies",s3909
"Comedies, Dramas, International Movies",s1422
"Comedies, Dramas, International Movies",s6885
"Comedies, Dramas, International Movies",s7990
"Comedies, Dramas, International Movies",s5184
"Comedies, Dramas, International Movies",s7540
"Comedies, Dramas, International Movies",s7085
"Comedies, Dramas, International Movies",s1115
"Comedies, Dramas, International Movies",s7400
"Comedies, Dramas, International Movies",s6082
"Comedies, Dramas, International Movies",s6208
"Comedies, Dramas, International Movies",s8683
"Comedies, Dramas, International Movies",s996
"Comedies, Dramas, International Movies",s983
"Comedies, Dramas, International Movies",s899
"Comedies, Dramas, International Movies",s886
"Comedies, Dramas, International Movies",s872
"Comedies, Dramas, International Movies",s795
"Comedies, Dramas, International Movies",s769
"Comedies, Dramas, International Movies",s748
"Comedies, Dramas, International Movies",s736
"Comedies, Dramas, International Movies",s705
"Comedies, Dramas, International Movies",s694
"Comedies, Dramas, International Movies",s652
"Comedies, Dramas, International Movies",s653
"Comedies, Dramas, International Movies",s655
"Comedies, Dramas, International Movies",s656
"Comedies, Dramas, International Movies",s624
"Comedies, Dramas, International Movies",s573
"Comedies, Dramas, International Movies",s542
"Comedies, Dramas, International Movies",s481
"Comedies, Dramas, International Movies",s469
"Comedies, Dramas, International Movies",s453
"Comedies, Dramas, International Movies",s388
"Comedies, Dramas, International Movies",s299
"Comedies, Dramas, International Movies",s259
"Comedies, Dramas, International Movies",s260
"Comedies, Dramas, International Movies",s218
"Comedies, Dramas, International Movies",s196
"Comedies, Dramas, International Movies",s200
"Comedies, Dramas, International Movies",s160
"Comedies, Dramas, International Movies",s79
"Comedies, Dramas, International Movies",s80
Documentaries,s1151
Documentaries,s1162
Documentaries,s1746
Documentaries,s1963
Documentaries,s2200
Documentaries,s1790
Documentaries,s8001
Documentaries,s3796
Documentaries,s3739
Documentaries,s3387
Documentaries,s3757
Documentaries,s7093
Documentaries,s1304
Documentaries,s3461
Documentaries,s4923
Documentaries,s4118
Documentaries,s4314
Documentaries,s4878
Documentaries,s8566
Documentaries,s7609
Documentaries,s7617
Documentaries,s7618
Documentaries,s6607
Documentaries,s8693
Documentaries,s6639
Documentaries,s4917
Documentaries,s8411
Documentaries,s6522
Documentaries,s5428
Documentaries,s5377
Documentaries,s6113
Documentaries,s5163
Documentaries,s5504
Documentaries,s5449
Documentaries,s5467
Documentaries,s5452
Documentaries,s5432
Documentaries,s7612
Documentaries,s7602
Documentaries,s7608
Documentaries,s7616
Documentaries,s7604
Documentaries,s7611
Documentaries,s7603
Documentaries,s7614
Documentaries,s7613
Documentaries,s6289
Documentaries,s6750
Documentaries,s8571
Documentaries,s7428
Documentaries,s7557
Documentaries,s8020
Documentaries,s7849
Documentaries,s5798
Documentaries,s5796
Documentaries,s7020
Documentaries,s8678
Documentaries,s7427
Documentaries,s5739
Documentaries,s8093
Documentaries,s6778
Documentaries,s6973
Documentaries,s6860
Documentaries,s8621
Documentaries,s5727
Documentaries,s6687
Documentaries,s5898
Documentaries,s5935
Documentaries,s5931
Documentaries,s8388
Documentaries,s7977
Documentaries,s7978
Documentaries,s6198
Documentaries,s8764
Documentaries,s8740
Documentaries,s1071
Documentaries,s1421
Documentaries,s2609
Documentaries,s2548
Documentaries,s1098
Documentaries,s1927
Documentaries,s2096
Documentaries,s4177
Documentaries,s8192
Documentaries,s3293
Documentaries,s2201
Documentaries,s3968
Documentaries,s3409
Documentaries,s3251
Documentaries,s7800
Documentaries,s3629
Documentaries,s3419
Documentaries,s3519
Documentaries,s3418
Documentaries,s3182
Documentaries,s3336
Documentaries,s3375
Documentaries,s3644
Documentaries,s4420
Documentaries,s4325
Documentaries,s4097
Documentaries,s6347
Documentaries,s2578
Documentaries,s3829
Documentaries,s7674
Documentaries,s4481
Documentaries,s6781
Documentaries,s4812
Documentaries,s4740
Documentaries,s6044
Documentaries,s6097
Documentaries,s8049
Documentaries,s7887
Documentaries,s4654
Documentaries,s8211
Documentaries,s8341
Documentaries,s4157
Documentaries,s4276
Documentaries,s4912
Documentaries,s6350
Documentaries,s6039
Documentaries,s5165
Documentaries,s6752
Documentaries,s5149
Documentaries,s8309
Documentaries,s6308
Documentaries,s7665
Documentaries,s6179
Documentaries,s6346
Documentaries,s5053
Documentaries,s8391
Documentaries,s1143
Documentaries,s6015
Documentaries,s7374
Documentaries,s6392
Documentaries,s7728
Documentaries,s6006
Documentaries,s6746
Documentaries,s6139
Documentaries,s5183
Documentaries,s6616
Documentaries,s5226
Documentaries,s5272
Documentaries,s8657
Documentaries,s8134
Documentaries,s5490
Documentaries,s1806
Documentaries,s5784
Documentaries,s5565
Documentaries,s6899
Documentaries,s7860
Documentaries,s5783
Documentaries,s7732
Documentaries,s7562
Documentaries,s5734
Documentaries,s5680
Documentaries,s8739
Documentaries,s4136
Documentaries,s7356
Documentaries,s6134
Documentaries,s5755
Documentaries,s4241
Documentaries,s5832
Documentaries,s6816
Documentaries,s5758
Documentaries,s8203
Documentaries,s7546
Documentaries,s7067
Documentaries,s5917
Documentaries,s5911
Documentaries,s7888
Documentaries,s4231
Documentaries,s6257
Documentaries,s5927
Documentaries,s4549
Documentaries,s7512
Documentaries,s4556
Documentaries,s5549
Documentaries,s5825
Documentaries,s4544
Documentaries,s5822
Documentaries,s1961
Documentaries,s3536
Documentaries,s3574
Documentaries,s7615
Documentaries,s8703
Documentaries,s7601
Documentaries,s6128
Documentaries,s6682
Documentaries,s8136
Documentaries,s6648
Documentaries,s7607
Documentaries,s7605
Documentaries,s8531
Documentaries,s8501
Documentaries,s7564
Documentaries,s7571
Documentaries,s7222
Documentaries,s1412
Documentaries,s1467
Documentaries,s1172
Documentaries,s1426
Documentaries,s1205
Documentaries,s2249
Documentaries,s1208
Documentaries,s1912
Documentaries,s8469
Documentaries,s3897
Documentaries,s2690
Documentaries,s1465
Documentaries,s3568
Documentaries,s6418
Documentaries,s8525
Documentaries,s4476
Documentaries,s5042
Documentaries,s4100
Documentaries,s8070
Documentaries,s3831
Documentaries,s4980
Documentaries,s8279
Documentaries,s7442
Documentaries,s2155
Documentaries,s8389
Documentaries,s4621
Documentaries,s6141
Documentaries,s7039
Documentaries,s3032
Documentaries,s8418
Documentaries,s7606
Documentaries,s7038
Documentaries,s5202
Documentaries,s4645
Documentaries,s4754
Documentaries,s8463
Documentaries,s5419
Documentaries,s5210
Documentaries,s4186
Documentaries,s6065
Documentaries,s6356
Documentaries,s5472
Documentaries,s8156
Documentaries,s5509
Documentaries,s7714
Documentaries,s5451
Documentaries,s7435
Documentaries,s7599
Documentaries,s7147
Documentaries,s8724
Documentaries,s7610
Documentaries,s5276
Documentaries,s5254
Documentaries,s5153
Documentaries,s6949
Documentaries,s7648
Documentaries,s6137
Documentaries,s7472
Documentaries,s6700
Documentaries,s5561
Documentaries,s6115
Documentaries,s7011
Documentaries,s8598
Documentaries,s8574
Documentaries,s8674
Documentaries,s3312
Documentaries,s6590
Documentaries,s8349
Documentaries,s5984
Documentaries,s3684
Documentaries,s8738
Documentaries,s5805
Documentaries,s6657
Documentaries,s8216
Documentaries,s5726
Documentaries,s5694
Documentaries,s6353
Documentaries,s3448
Documentaries,s6930
Documentaries,s6433
Documentaries,s8082
Documentaries,s5919
Documentaries,s1012
Documentaries,s2947
Documentaries,s5930
Documentaries,s6917
Documentaries,s5933
Documentaries,s7976
Documentaries,s5468
Documentaries,s5815
Documentaries,s5827
Documentaries,s3515
Documentaries,s2229
Documentaries,s2780
Documentaries,s1196
Documentaries,s1344
Documentaries,s1691
Documentaries,s7252
Documentaries,s5198
Documentaries,s5117
Documentaries,s6576
Documentaries,s6800
Documentaries,s6546
Documentaries,s8503
Documentaries,s6105
Documentaries,s5180
Documentaries,s1559
Documentaries,s2036
Documentaries,s2297
Documentaries,s7324
Documentaries,s7125
Documentaries,s6945
Documentaries,s6048
Documentaries,s6330
Documentaries,s1935
Documentaries,s8548
Documentaries,s1455
Documentaries,s1887
Documentaries,s2560
Documentaries,s3873
Documentaries,s6273
Documentaries,s8702
Documentaries,s7076
Documentaries,s6790
Documentaries,s5942
Documentaries,s7133
Documentaries,s2042
Documentaries,s7581
Documentaries,s8062
Documentaries,s6180
Documentaries,s7835
Documentaries,s6935
Documentaries,s6986
Documentaries,s6763
Documentaries,s5972
Documentaries,s7793
Documentaries,s7823
Documentaries,s6096
Documentaries,s7468
Documentaries,s4379
Documentaries,s915
Documentaries,s908
Documentaries,s871
Documentaries,s868
Documentaries,s855
Documentaries,s791
Documentaries,s782
Documentaries,s758
Documentaries,s723
Documentaries,s725
Documentaries,s728
Documentaries,s717
Documentaries,s718
Documentaries,s463
Documentaries,s405
Documentaries,s379
Documentaries,s305
Documentaries,s222
Documentaries,s118
Documentaries,s46
Documentaries,s1
"Dramas, Independent Movies, International Movies",s7095
"Dramas, Independent Movies, International Movies",s6990
"Dramas, Independent Movies, International Movies",s3998
"Dramas, Independent Movies, International Movies",s4082
"Dramas, Independent Movies, International Movies",s2052
"Dramas, Independent Movies, International Movies",s4089
"Dramas, Independent Movies, International Movies",s4389
"Dramas, Independent Movies, International Movies",s4670
"Dramas, Independent Movies, International Movies",s4073
"Dramas, Independent Movies, International Movies",s7743
"Dramas, Independent Movies, International Movies",s7708
"Dramas, Independent Movies, International Movies",s1338
"Dramas, Independent Movies, International Movies",s5677
"Dramas, Independent Movies, International Movies",s6171
"Dramas, Independent Movies, International Movies",s1939
"Dramas, Independent Movies, International Movies",s6669
"Dramas, Independent Movies, International Movies",s1522
"Dramas, Independent Movies, International Movies",s7533
"Dramas, Independent Movies, International Movies",s8137
"Dramas, Independent Movies, International Movies",s1221
"Dramas, Independent Movies, International Movies",s1024
"Dramas, Independent Movies, International Movies",s2345
"Dramas, Independent Movies, International Movies",s2056
"Dramas, Independent Movies, International Movies",s2896
"Dramas, Independent Movies, International Movies",s1978
"Dramas, Independent Movies, International Movies",s2551
"Dramas, Independent Movies, International Movies",s2198
"Dramas, Independent Movies, International Movies",s2742
"Dramas, Independent Movies, International Movies",s2627
"Dramas, Independent Movies, International Movies",s3238
"Dramas, Independent Movies, International Movies",s3642
"Dramas, Independent Movies, International Movies",s3079
"Dramas, Independent Movies, International Movies",s4088
"Dramas, Independent Movies, International Movies",s3095
"Dramas, Independent Movies, International Movies",s3211
"Dramas, Independent Movies, International Movies",s2835
"Dramas, Independent Movies, International Movies",s2990
"Dramas, Independent Movies, International Movies",s1729
"Dramas, Independent Movies, International Movies",s2468
"Dramas, Independent Movies, International Movies",s3719
"Dramas, Independent Movies, International Movies",s3447
"Dramas, Independent Movies, International Movies",s4035
"Dramas, Independent Movies, International Movies",s3834
"Dramas, Independent Movies, International Movies",s2757
"Dramas, Independent Movies, International Movies",s1569
"Dramas, Independent Movies, International Movies",s3798
"Dramas, Independent Movies, International Movies",s1429
"Dramas, Independent Movies, International Movies",s4183
"Dramas, Independent Movies, International Movies",s3820
"Dramas, Independent Movies, International Movies",s4362
"Dramas, Independent Movies, International Movies",s4803
"Dramas, Independent Movies, International Movies",s4205
"Dramas, Independent Movies, International Movies",s4284
"Dramas, Independent Movies, International Movies",s4286
"Dramas, Independent Movies, International Movies",s3762
"Dramas, Independent Movies, International Movies",s2537
"Dramas, Independent Movies, International Movies",s6393
"Dramas, Independent Movies, International Movies",s4068
"Dramas, Independent Movies, International Movies",s7747
"Dramas, Independent Movies, International Movies",s4567
"Dramas, Independent Movies, International Movies",s4125
"Dramas, Independent Movies, International Movies",s3956
"Dramas, Independent Movies, International Movies",s3886
"Dramas, Independent Movies, International Movies",s4358
"Dramas, Independent Movies, International Movies",s4159
"Dramas, Independent Movies, International Movies",s4222
"Dramas, Independent Movies, International Movies",s4618
"Dramas, Independent Movies, International Movies",s3638
"Dramas, Independent Movies, International Movies",s3823
"Dramas, Independent Movies, International Movies",s4667
"Dramas, Independent Movies, International Movies",s4784
"Dramas, Independent Movies, International Movies",s3671
"Dramas, Independent Movies, International Movies",s3603
"Dramas, Independent Movies, International Movies",s3833
"Dramas, Independent Movies, International Movies",s6737
"Dramas, Independent Movies, International Movies",s7682
"Dramas, Independent Movies, International Movies",s4741
"Dramas, Independent Movies, International Movies",s7094
"Dramas, Independent Movies, International Movies",s5250
"Dramas, Independent Movies, International Movies",s7422
"Dramas, Independent Movies, International Movies",s7401
"Dramas, Independent Movies, International Movies",s7984
"Dramas, Independent Movies, International Movies",s4226
"Dramas, Independent Movies, International Movies",s6820
"Dramas, Independent Movies, International Movies",s3784
"Dramas, Independent Movies, International Movies",s8666
"Dramas, Independent Movies, International Movies",s4347
"Dramas, Independent Movies, International Movies",s7239
"Dramas, Independent Movies, International Movies",s6160
"Dramas, Independent Movies, International Movies",s4099
"Dramas, Independent Movies, International Movies",s4669
"Dramas, Independent Movies, International Movies",s2618
"Dramas, Independent Movies, International Movies",s4932
"Dramas, Independent Movies, International Movies",s4102
"Dramas, Independent Movies, International Movies",s6864
"Dramas, Independent Movies, International Movies",s7899
"Dramas, Independent Movies, International Movies",s1822
"Dramas, Independent Movies, International Movies",s7330
"Dramas, Independent Movies, International Movies",s5653
"Dramas, Independent Movies, International Movies",s5771
"Dramas, Independent Movies, International Movies",s8712
"Dramas, Independent Movies, International Movies",s2270
"Dramas, Independent Movies, International Movies",s7408
"Dramas, Independent Movies, International Movies",s6281
"Dramas, Independent Movies, International Movies",s5362
"Dramas, Independent Movies, International Movies",s6559
"Dramas, Independent Movies, International Movies",s5499
"Dramas, Independent Movies, International Movies",s7476
"Dramas, Independent Movies, International Movies",s5715
"Dramas, Independent Movies, International Movies",s2334
"Dramas, Independent Movies, International Movies",s4464
"Dramas, Independent Movies, International Movies",s2207
"Dramas, Independent Movies, International Movies",s8426
"Dramas, Independent Movies, International Movies",s8481
"Dramas, Independent Movies, International Movies",s5154
"Dramas, Independent Movies, International Movies",s5779
"Dramas, Independent Movies, International Movies",s5506
"Dramas, Independent Movies, International Movies",s2885
"Dramas, Independent Movies, International Movies",s8579
"Dramas, Independent Movies, International Movies",s5601
"Dramas, Independent Movies, International Movies",s5453
"Dramas, Independent Movies, International Movies",s8247
"Dramas, Independent Movies, International Movies",s8165
"Dramas, Independent Movies, International Movies",s6555
"Dramas, Independent Movies, International Movies",s5261
"Dramas, Independent Movies, International Movies",s6166
"Dramas, Independent Movies, International Movies",s5838
"Dramas, Independent Movies, International Movies",s8121
"Dramas, Independent Movies, International Movies",s3543
"Dramas, Independent Movies, International Movies",s6758
"Dramas, Independent Movies, International Movies",s7632
"Dramas, Independent Movies, International Movies",s5399
"Dramas, Independent Movies, International Movies",s7790
"Dramas, Independent Movies, International Movies",s8085
"Dramas, Independent Movies, International Movies",s5719
"Dramas, Independent Movies, International Movies",s2280
"Dramas, Independent Movies, International Movies",s5650
"Dramas, Independent Movies, International Movies",s7874
"Dramas, Independent Movies, International Movies",s2040
"Dramas, Independent Movies, International Movies",s4611
"Dramas, Independent Movies, International Movies",s7036
"Dramas, Independent Movies, International Movies",s1267
"Dramas, Independent Movies, International Movies",s3499
"Dramas, Independent Movies, International Movies",s8770
"Dramas, Independent Movies, International Movies",s1828
"Dramas, Independent Movies, International Movies",s8612
"Dramas, Independent Movies, International Movies",s1262
"Dramas, Independent Movies, International Movies",s7394
"Dramas, Independent Movies, International Movies",s8515
"Dramas, Independent Movies, International Movies",s8017
"Dramas, Independent Movies, International Movies",s1292
"Dramas, Independent Movies, International Movies",s2348
"Dramas, Independent Movies, International Movies",s2851
"Dramas, Independent Movies, International Movies",s3255
"Dramas, Independent Movies, International Movies",s2285
"Dramas, Independent Movies, International Movies",s3567
"Dramas, Independent Movies, International Movies",s3208
"Dramas, Independent Movies, International Movies",s3900
"Dramas, Independent Movies, International Movies",s8775
"Dramas, Independent Movies, International Movies",s4095
"Dramas, Independent Movies, International Movies",s4211
"Dramas, Independent Movies, International Movies",s3023
"Dramas, Independent Movies, International Movies",s2415
"Dramas, Independent Movies, International Movies",s3741
"Dramas, Independent Movies, International Movies",s3961
"Dramas, Independent Movies, International Movies",s3632
"Dramas, Independent Movies, International Movies",s7191
"Dramas, Independent Movies, International Movies",s6294
"Dramas, Independent Movies, International Movies",s4668
"Dramas, Independent Movies, International Movies",s4213
"Dramas, Independent Movies, International Movies",s7740
"Dramas, Independent Movies, International Movies",s2790
"Dramas, Independent Movies, International Movies",s4135
"Dramas, Independent Movies, International Movies",s7402
"Dramas, Independent Movies, International Movies",s4153
"Dramas, Independent Movies, International Movies",s7168
"Dramas, Independent Movies, International Movies",s6301
"Dramas, Independent Movies, International Movies",s5144
"Dramas, Independent Movies, International Movies",s8235
"Dramas, Independent Movies, International Movies",s8663
"Dramas, Independent Movies, International Movies",s8795
"Dramas, Independent Movies, International Movies",s8607
"Dramas, Independent Movies, International Movies",s5706
"Dramas, Independent Movies, International Movies",s7373
"Dramas, Independent Movies, International Movies",s3537
"Dramas, Independent Movies, International Movies",s6029
"Dramas, Independent Movies, International Movies",s1951
"Dramas, Independent Movies, International Movies",s5619
"Dramas, Independent Movies, International Movies",s7510
"Dramas, Independent Movies, International Movies",s6107
"Dramas, Independent Movies, International Movies",s6455
"Dramas, Independent Movies, International Movies",s6888
"Dramas, Independent Movies, International Movies",s6654
"Dramas, Independent Movies, International Movies",s6204
"Dramas, Independent Movies, International Movies",s7118
"Dramas, Independent Movies, International Movies",s7119
"Dramas, Independent Movies, International Movies",s7996
"Dramas, Independent Movies, International Movies",s5711
"Dramas, Independent Movies, International Movies",s7875
"Dramas, Independent Movies, International Movies",s6177
"Dramas, Independent Movies, International Movies",s6695
"Dramas, Independent Movies, International Movies",s7420
"Dramas, Independent Movies, International Movies",s1827
"Dramas, Independent Movies, International Movies",s7914
"Dramas, Independent Movies, International Movies",s6256
"Dramas, Independent Movies, International Movies",s4307
"Dramas, Independent Movies, International Movies",s7511
"Dramas, Independent Movies, International Movies",s6397
"Dramas, Independent Movies, International Movies",s3126
"Dramas, Independent Movies, International Movies",s6517
"Dramas, Independent Movies, International Movies",s6717
"Dramas, Independent Movies, International Movies",s8497
"Dramas, Independent Movies, International Movies",s3906
"Dramas, Independent Movies, International Movies",s8659
"Dramas, Independent Movies, International Movies",s6092
"Dramas, Independent Movies, International Movies",s6489
"Dramas, Independent Movies, International Movies",s1139
"Dramas, Independent Movies, International Movies",s6312
"Dramas, Independent Movies, International Movies",s8769
"Dramas, Independent Movies, International Movies",s1229
"Dramas, Independent Movies, International Movies",s4356
"Dramas, Independent Movies, International Movies",s4830
"Dramas, Independent Movies, International Movies",s4820
"Dramas, Independent Movies, International Movies",s1176
"Dramas, Independent Movies, International Movies",s8223
"Dramas, Independent Movies, International Movies",s2512
"Dramas, Independent Movies, International Movies",s6740
"Dramas, Independent Movies, International Movies",s7069
"Dramas, Independent Movies, International Movies",s7631
"Dramas, Independent Movies, International Movies",s6473
"Dramas, Independent Movies, International Movies",s7867
"Dramas, Independent Movies, International Movies",s6339
"Dramas, Independent Movies, International Movies",s992
"Dramas, Independent Movies, International Movies",s975
"Dramas, Independent Movies, International Movies",s960
"Dramas, Independent Movies, International Movies",s910
"Dramas, Independent Movies, International Movies",s893
"Dramas, Independent Movies, International Movies",s895
"Dramas, Independent Movies, International Movies",s874
"Dramas, Independent Movies, International Movies",s859
"Dramas, Independent Movies, International Movies",s840
"Dramas, Independent Movies, International Movies",s751
"Dramas, Independent Movies, International Movies",s699
"Dramas, Independent Movies, International Movies",s634
"Dramas, Independent Movies, International Movies",s395
"Dramas, Independent Movies, International Movies",s366
"Dramas, Independent Movies, International Movies",s372
"Dramas, Independent Movies, International Movies",s340
"Dramas, Independent Movies, International Movies",s283
"Dramas, Independent Movies, International Movies",s207
"Dramas, Independent Movies, International Movies",s31
"Dramas, Independent Movies, International Movies",s8
"Dramas, International Movies",s1686
"Dramas, International Movies",s1742
"Dramas, International Movies",s1631
"Dramas, International Movies",s3481
"Dramas, International Movies",s1928
"Dramas, International Movies",s2217
"Dramas, International Movies",s2019
"Dramas, International Movies",s2559
"Dramas, International Movies",s7830
"Dramas, International Movies",s3662
"Dramas, International Movies",s4756
"Dramas, International Movies",s1964
"Dramas, International Movies",s7389
"Dramas, International Movies",s7927
"Dramas, International Movies",s1850
"Dramas, International Movies",s7162
"Dramas, International Movies",s7365
"Dramas, International Movies",s6558
"Dramas, International Movies",s6689
"Dramas, International Movies",s2606
"Dramas, International Movies",s7820
"Dramas, International Movies",s6753
"Dramas, International Movies",s5634
"Dramas, International Movies",s7683
"Dramas, International Movies",s8375
"Dramas, International Movies",s4570
"Dramas, International Movies",s8281
"Dramas, International Movies",s4949
"Dramas, International Movies",s5009
"Dramas, International Movies",s6603
"Dramas, International Movies",s5015
"Dramas, International Movies",s7698
"Dramas, International Movies",s1213
"Dramas, International Movies",s1411
"Dramas, International Movies",s1111
"Dramas, International Movies",s1086
"Dramas, International Movies",s1721
"Dramas, International Movies",s2672
"Dramas, International Movies",s2032
"Dramas, International Movies",s2296
"Dramas, International Movies",s1489
"Dramas, International Movies",s1658
"Dramas, International Movies",s1728
"Dramas, International Movies",s1726
"Dramas, International Movies",s1193
"Dramas, International Movies",s2834
"Dramas, International Movies",s2309
"Dramas, International Movies",s1100
"Dramas, International Movies",s2971
"Dramas, International Movies",s2899
"Dramas, International Movies",s1897
"Dramas, International Movies",s1177
"Dramas, International Movies",s2852
"Dramas, International Movies",s3426
"Dramas, International Movies",s3922
"Dramas, International Movies",s3773
"Dramas, International Movies",s1277
"Dramas, International Movies",s2352
"Dramas, International Movies",s3159
"Dramas, International Movies",s2210
"Dramas, International Movies",s4086
"Dramas, International Movies",s3090
"Dramas, International Movies",s3905
"Dramas, International Movies",s7659
"Dramas, International Movies",s3349
"Dramas, International Movies",s2655
"Dramas, International Movies",s3791
"Dramas, International Movies",s3400
"Dramas, International Movies",s2781
"Dramas, International Movies",s1160
"Dramas, International Movies",s4355
"Dramas, International Movies",s4508
"Dramas, International Movies",s3895
"Dramas, International Movies",s4165
"Dramas, International Movies",s4198
"Dramas, International Movies",s4155
"Dramas, International Movies",s8268
"Dramas, International Movies",s4253
"Dramas, International Movies",s4650
"Dramas, International Movies",s4049
"Dramas, International Movies",s2982
"Dramas, International Movies",s4083
"Dramas, International Movies",s4879
"Dramas, International Movies",s4647
"Dramas, International Movies",s8365
"Dramas, International Movies",s4906
"Dramas, International Movies",s2521
"Dramas, International Movies",s5551
"Dramas, International Movies",s4507
"Dramas, International Movies",s8591
"Dramas, International Movies",s8419
"Dramas, International Movies",s6314
"Dramas, International Movies",s8564
"Dramas, International Movies",s3172
"Dramas, International Movies",s4987
"Dramas, International Movies",s5374
"Dramas, International Movies",s4831
"Dramas, International Movies",s5314
"Dramas, International Movies",s7926
"Dramas, International Movies",s8164
"Dramas, International Movies",s4886
"Dramas, International Movies",s3626
"Dramas, International Movies",s2192
"Dramas, International Movies",s4972
"Dramas, International Movies",s7724
"Dramas, International Movies",s5657
"Dramas, International Movies",s6420
"Dramas, International Movies",s2973
"Dramas, International Movies",s5552
"Dramas, International Movies",s5744
"Dramas, International Movies",s5852
"Dramas, International Movies",s8763
"Dramas, International Movies",s5652
"Dramas, International Movies",s7922
"Dramas, International Movies",s6832
"Dramas, International Movies",s1954
"Dramas, International Movies",s5487
"Dramas, International Movies",s3212
"Dramas, International Movies",s6600
"Dramas, International Movies",s7751
"Dramas, International Movies",s8547
"Dramas, International Movies",s2245
"Dramas, International Movies",s5508
"Dramas, International Movies",s5627
"Dramas, International Movies",s7372
"Dramas, International Movies",s5224
"Dramas, International Movies",s2883
"Dramas, International Movies",s8344
"Dramas, International Movies",s8287
"Dramas, International Movies",s5589
"Dramas, International Movies",s2880
"Dramas, International Movies",s8689
"Dramas, International Movies",s6083
"Dramas, International Movies",s5624
"Dramas, International Movies",s5606
"Dramas, International Movies",s3952
"Dramas, International Movies",s5331
"Dramas, International Movies",s8789
"Dramas, International Movies",s6051
"Dramas, International Movies",s3116
"Dramas, International Movies",s5766
"Dramas, International Movies",s7886
"Dramas, International Movies",s7425
"Dramas, International Movies",s5636
"Dramas, International Movies",s1030
"Dramas, International Movies",s8050
"Dramas, International Movies",s2268
"Dramas, International Movies",s1825
"Dramas, International Movies",s6878
"Dramas, International Movies",s4442
"Dramas, International Movies",s4454
"Dramas, International Movies",s1414
"Dramas, International Movies",s2494
"Dramas, International Movies",s7266
"Dramas, International Movies",s2844
"Dramas, International Movies",s5955
"Dramas, International Movies",s5768
"Dramas, International Movies",s1018
"Dramas, International Movies",s4350
"Dramas, International Movies",s4722
"Dramas, International Movies",s4452
"Dramas, International Movies",s5957
"Dramas, International Movies",s1833
"Dramas, International Movies",s1674
"Dramas, International Movies",s6230
"Dramas, International Movies",s1427
"Dramas, International Movies",s1877
"Dramas, International Movies",s7746
"Dramas, International Movies",s1830
"Dramas, International Movies",s8710
"Dramas, International Movies",s2475
"Dramas, International Movies",s1282
"Dramas, International Movies",s1163
"Dramas, International Movies",s1222
"Dramas, International Movies",s1123
"Dramas, International Movies",s1341
"Dramas, International Movies",s1744
"Dramas, International Movies",s2421
"Dramas, International Movies",s2390
"Dramas, International Movies",s1434
"Dramas, International Movies",s3432
"Dramas, International Movies",s2112
"Dramas, International Movies",s2650
"Dramas, International Movies",s2327
"Dramas, International Movies",s2337
"Dramas, International Movies",s2824
"Dramas, International Movies",s2565
"Dramas, International Movies",s3594
"Dramas, International Movies",s3782
"Dramas, International Movies",s3631
"Dramas, International Movies",s2018
"Dramas, International Movies",s2514
"Dramas, International Movies",s3412
"Dramas, International Movies",s7479
"Dramas, International Movies",s2937
"Dramas, International Movies",s2225
"Dramas, International Movies",s4337
"Dramas, International Movies",s2017
"Dramas, International Movies",s4412
"Dramas, International Movies",s1380
"Dramas, International Movies",s2148
"Dramas, International Movies",s3052
"Dramas, International Movies",s2688
"Dramas, International Movies",s2536
"Dramas, International Movies",s7692
"Dramas, International Movies",s8274
"Dramas, International Movies",s6554
"Dramas, International Movies",s7159
"Dramas, International Movies",s4565
"Dramas, International Movies",s7940
"Dramas, International Movies",s7459
"Dramas, International Movies",s5084
"Dramas, International Movies",s8681
"Dramas, International Movies",s6989
"Dramas, International Movies",s4840
"Dramas, International Movies",s6976
"Dramas, International Movies",s1777
"Dramas, International Movies",s4397
"Dramas, International Movies",s7174
"Dramas, International Movies",s5970
"Dramas, International Movies",s7846
"Dramas, International Movies",s3168
"Dramas, International Movies",s5971
"Dramas, International Movies",s4582
"Dramas, International Movies",s4187
"Dramas, International Movies",s2419
"Dramas, International Movies",s7566
"Dramas, International Movies",s7911
"Dramas, International Movies",s4160
"Dramas, International Movies",s5777
"Dramas, International Movies",s5630
"Dramas, International Movies",s5249
"Dramas, International Movies",s6570
"Dramas, International Movies",s8009
"Dramas, International Movies",s7654
"Dramas, International Movies",s7718
"Dramas, International Movies",s4900
"Dramas, International Movies",s7876
"Dramas, International Movies",s8648
"Dramas, International Movies",s8482
"Dramas, International Movies",s1212
"Dramas, International Movies",s7822
"Dramas, International Movies",s6668
"Dramas, International Movies",s6404
"Dramas, International Movies",s6532
"Dramas, International Movies",s7925
"Dramas, International Movies",s7870
"Dramas, International Movies",s5697
"Dramas, International Movies",s7804
"Dramas, International Movies",s8682
"Dramas, International Movies",s5548
"Dramas, International Movies",s8529
"Dramas, International Movies",s4424
"Dramas, International Movies",s4497
"Dramas, International Movies",s6822
"Dramas, International Movies",s6156
"Dramas, International Movies",s2382
"Dramas, International Movies",s6021
"Dramas, International Movies",s7837
"Dramas, International Movies",s7021
"Dramas, International Movies",s6074
"Dramas, International Movies",s7513
"Dramas, International Movies",s6132
"Dramas, International Movies",s4151
"Dramas, International Movies",s4725
"Dramas, International Movies",s6075
"Dramas, International Movies",s4614
"Dramas, International Movies",s8800
"Dramas, International Movies",s4562
"Dramas, International Movies",s7116
"Dramas, International Movies",s6233
"Dramas, International Movies",s8265
"Dramas, International Movies",s8091
"Dramas, International Movies",s8146
"Dramas, International Movies",s6422
"Dramas, International Movies",s8000
"Dramas, International Movies",s2638
"Dramas, International Movies",s6518
"Dramas, International Movies",s2439
"Dramas, International Movies",s4733
"Dramas, International Movies",s6218
"Dramas, International Movies",s1423
"Dramas, International Movies",s6853
"Dramas, International Movies",s4103
"Dramas, International Movies",s5022
"Dramas, International Movies",s6205
"Dramas, International Movies",s7939
"Dramas, International Movies",s1867
"Dramas, International Movies",s7998
"Dramas, International Movies",s2732
"Dramas, International Movies",s4109
"Dramas, International Movies",s5463
"Dramas, International Movies",s2355
"Dramas, International Movies",s7358
"Dramas, International Movies",s2716
"Dramas, International Movies",s2362
"Dramas, International Movies",s5409
"Dramas, International Movies",s6014
"Dramas, International Movies",s8409
"Dramas, International Movies",s8655
"Dramas, International Movies",s5444
"Dramas, International Movies",s5517
"Dramas, International Movies",s7578
"Dramas, International Movies",s4469
"Dramas, International Movies",s6503
"Dramas, International Movies",s8488
"Dramas, International Movies",s8553
"Dramas, International Movies",s6779
"Dramas, International Movies",s2846
"Dramas, International Movies",s8378
"Dramas, International Movies",s1706
"Dramas, International Movies",s1371
"Dramas, International Movies",s4473
"Dramas, International Movies",s4538
"Dramas, International Movies",s6060
"Dramas, International Movies",s3262
"Dramas, International Movies",s7466
"Dramas, International Movies",s1154
"Dramas, International Movies",s7936
"Dramas, International Movies",s8370
"Dramas, International Movies",s6057
"Dramas, International Movies",s1023
"Dramas, International Movies",s7862
"Dramas, International Movies",s6609
"Dramas, International Movies",s6748
"Dramas, International Movies",s8583
"Dramas, International Movies",s8584
"Dramas, International Movies",s974
"Dramas, International Movies",s959
"Dramas, International Movies",s946
"Dramas, International Movies",s900
"Dramas, International Movies",s907
"Dramas, International Movies",s860
"Dramas, International Movies",s857
"Dramas, International Movies",s742
"Dramas, International Movies",s743
"Dramas, International Movies",s696
"Dramas, International Movies",s684
"Dramas, International Movies",s636
"Dramas, International Movies",s651
"Dramas, International Movies",s630
"Dramas, International Movies",s607
"Dramas, International Movies",s620
"Dramas, International Movies",s590
"Dramas, International Movies",s543
"Dramas, International Movies",s530
"Dramas, International Movies",s532
"Dramas, International Movies",s535
"Dramas, International Movies",s519
"Dramas, International Movies",s499
"Dramas, International Movies",s502
"Dramas, International Movies",s506
"Dramas, International Movies",s509
"Dramas, International Movies",s363
"Dramas, International Movies",s307
"Dramas, International Movies",s316
"Dramas, International Movies",s286
"Dramas, International Movies",s269
"Dramas, International Movies",s257
"Dramas, International Movies",s191
"Dramas, International Movies",s74
"Dramas, International Movies",s13
Kids' TV,s8670
Kids' TV,s1159
Kids' TV,s7458
Kids' TV,s7288
Kids' TV,s5181
Kids' TV,s4416
Kids' TV,s2175
Kids' TV,s8144
Kids' TV,s8094
Kids' TV,s5896
Kids' TV,s4364
Kids' TV,s6390
Kids' TV,s3942
Kids' TV,s4943
Kids' TV,s4091
Kids' TV,s3637
Kids' TV,s2319
Kids' TV,s3989
Kids' TV,s8016
Kids' TV,s7197
Kids' TV,s5915
Kids' TV,s3761
Kids' TV,s7699
Kids' TV,s5871
Kids' TV,s6421
Kids' TV,s5770
Kids' TV,s5856
Kids' TV,s7503
Kids' TV,s6659
Kids' TV,s1464
Kids' TV,s8597
Kids' TV,s2968
Kids' TV,s8063
Kids' TV,s7149
Kids' TV,s6127
Kids' TV,s3695
Kids' TV,s8103
Kids' TV,s2530
Kids' TV,s5839
Kids' TV,s8784
Kids' TV,s3540
Kids' TV,s1890
Kids' TV,s4899
Kids' TV,s6250
Kids' TV,s3085
Kids' TV,s5760
Kids' TV,s6982
Kids' TV,s5244
Kids' TV,s7332
Kids' TV,s5868
Kids' TV,s5830
Kids' TV,s5786
Kids' TV,s7292
Kids' TV,s1891
Kids' TV,s5220
Kids' TV,s5567
Kids' TV,s5273
Kids' TV,s6869
Kids' TV,s5495
Kids' TV,s5167
Kids' TV,s4528
Kids' TV,s4857
Kids' TV,s4833
Kids' TV,s4832
Kids' TV,s4641
Kids' TV,s6405
Kids' TV,s4150
Kids' TV,s7289
Kids' TV,s7650
Kids' TV,s3029
Kids' TV,s6259
Kids' TV,s1615
Kids' TV,s1758
Kids' TV,s4765
Kids' TV,s4931
Kids' TV,s8071
Kids' TV,s3693
Kids' TV,s3645
Kids' TV,s4115
Kids' TV,s3678
Kids' TV,s3394
Kids' TV,s2760
Kids' TV,s2226
Kids' TV,s8122
Kids' TV,s2665
Kids' TV,s3980
Kids' TV,s3770
Kids' TV,s1757
Kids' TV,s2308
Kids' TV,s3209
Kids' TV,s3276
Kids' TV,s3456
Kids' TV,s1015
Kids' TV,s3554
Kids' TV,s2584
Kids' TV,s2858
Kids' TV,s2543
Kids' TV,s2159
Kids' TV,s2099
Kids' TV,s2064
Kids' TV,s1506
Kids' TV,s1153
Kids' TV,s2786
Kids' TV,s2182
Kids' TV,s1049
Kids' TV,s1792
Kids' TV,s1201
Kids' TV,s1381
Kids' TV,s1005
Kids' TV,s1697
Kids' TV,s1396
Kids' TV,s1246
Kids' TV,s8524
Kids' TV,s7456
Kids' TV,s7786
Kids' TV,s7784
Kids' TV,s7765
Kids' TV,s7768
Kids' TV,s7767
Kids' TV,s7783
Kids' TV,s7785
Kids' TV,s7770
Kids' TV,s7764
Kids' TV,s7773
Kids' TV,s7769
Kids' TV,s7771
Kids' TV,s7766
Kids' TV,s7772
Kids' TV,s8374
Kids' TV,s1180
Kids' TV,s7774
Kids' TV,s7099
Kids' TV,s7030
Kids' TV,s7780
Kids' TV,s7787
Kids' TV,s4652
Kids' TV,s8680
Kids' TV,s7778
Kids' TV,s7762
Kids' TV,s5903
Kids' TV,s7763
Kids' TV,s8786
Kids' TV,s4635
Kids' TV,s5801
Kids' TV,s4653
Kids' TV,s6282
Kids' TV,s5828
Kids' TV,s5870
Kids' TV,s8798
Kids' TV,s2161
Kids' TV,s6484
Kids' TV,s5592
Kids' TV,s7132
Kids' TV,s5302
Kids' TV,s5233
Kids' TV,s5429
Kids' TV,s3067
Kids' TV,s5381
Kids' TV,s5321
Kids' TV,s4372
Kids' TV,s4623
Kids' TV,s4659
Kids' TV,s4142
Kids' TV,s1351
Kids' TV,s4360
Kids' TV,s4880
Kids' TV,s4718
Kids' TV,s4312
Kids' TV,s7236
Kids' TV,s3057
Kids' TV,s2753
Kids' TV,s3599
Kids' TV,s1760
Kids' TV,s3407
Kids' TV,s3346
Kids' TV,s3944
Kids' TV,s2071
Kids' TV,s2041
Kids' TV,s1759
Kids' TV,s2119
Kids' TV,s2048
Kids' TV,s1853
Kids' TV,s1170
Kids' TV,s1232
Kids' TV,s1552
Kids' TV,s937
Kids' TV,s928
Kids' TV,s924
Kids' TV,s875
Kids' TV,s869
Kids' TV,s814
Kids' TV,s786
Kids' TV,s781
Kids' TV,s734
Kids' TV,s720
Kids' TV,s721
Kids' TV,s665
Kids' TV,s629
Kids' TV,s589
Kids' TV,s548
Kids' TV,s526
Kids' TV,s528
Kids' TV,s510
Kids' TV,s513
Kids' TV,s473
Kids' TV,s387
Kids' TV,s325
Kids' TV,s287
Kids' TV,s270
Kids' TV,s273
Kids' TV,s264
Kids' TV,s255
Kids' TV,s154
Kids' TV,s124
Kids' TV,s101
Kids' TV,s112
Kids' TV,s90
Kids' TV,s66
Kids' TV,s35
Kids' TV,s40
Stand-Up Comedy,s2562
Stand-Up Comedy,s3975
Stand-Up Comedy,s4920
Stand-Up Comedy,s5162
Stand-Up Comedy,s5817
Stand-Up Comedy,s4093
Stand-Up Comedy,s1419
Stand-Up Comedy,s1250
Stand-Up Comedy,s1173
Stand-Up Comedy,s1199
Stand-Up Comedy,s1316
Stand-Up Comedy,s2754
Stand-Up Comedy,s2303
Stand-Up Comedy,s2144
Stand-Up Comedy,s1543
Stand-Up Comedy,s2887
Stand-Up Comedy,s2997
Stand-Up Comedy,s2346
Stand-Up Comedy,s2322
Stand-Up Comedy,s1605
Stand-Up Comedy,s2687
Stand-Up Comedy,s2398
Stand-Up Comedy,s1608
Stand-Up Comedy,s2222
Stand-Up Comedy,s1936
Stand-Up Comedy,s1743
Stand-Up Comedy,s3004
Stand-Up Comedy,s2854
Stand-Up Comedy,s2850
Stand-Up Comedy,s2243
Stand-Up Comedy,s2807
Stand-Up Comedy,s2680
Stand-Up Comedy,s2051
Stand-Up Comedy,s2001
Stand-Up Comedy,s2170
Stand-Up Comedy,s1513
Stand-Up Comedy,s3028
Stand-Up Comedy,s2262
Stand-Up Comedy,s2459
Stand-Up Comedy,s1503
Stand-Up Comedy,s2783
Stand-Up Comedy,s1687
Stand-Up Comedy,s2830
Stand-Up Comedy,s2183
Stand-Up Comedy,s2645
Stand-Up Comedy,s2469
Stand-Up Comedy,s2988
Stand-Up Comedy,s1472
Stand-Up Comedy,s2720
Stand-Up Comedy,s3229
Stand-Up Comedy,s3257
Stand-Up Comedy,s3355
Stand-Up Comedy,s4005
Stand-Up Comedy,s3158
Stand-Up Comedy,s4194
Stand-Up Comedy,s3680
Stand-Up Comedy,s3806
Stand-Up Comedy,s3694
Stand-Up Comedy,s3560
Stand-Up Comedy,s3529
Stand-Up Comedy,s3592
Stand-Up Comedy,s3442
Stand-Up Comedy,s3575
Stand-Up Comedy,s3816
Stand-Up Comedy,s3286
Stand-Up Comedy,s3907
Stand-Up Comedy,s3712
Stand-Up Comedy,s3187
Stand-Up Comedy,s4026
Stand-Up Comedy,s3496
Stand-Up Comedy,s3948
Stand-Up Comedy,s3636
Stand-Up Comedy,s4129
Stand-Up Comedy,s3734
Stand-Up Comedy,s3290
Stand-Up Comedy,s3953
Stand-Up Comedy,s3759
Stand-Up Comedy,s3161
Stand-Up Comedy,s3925
Stand-Up Comedy,s4000
Stand-Up Comedy,s3306
Stand-Up Comedy,s4116
Stand-Up Comedy,s3420
Stand-Up Comedy,s3716
Stand-Up Comedy,s3363
Stand-Up Comedy,s3124
Stand-Up Comedy,s3479
Stand-Up Comedy,s3878
Stand-Up Comedy,s3472
Stand-Up Comedy,s4413
Stand-Up Comedy,s5395
Stand-Up Comedy,s4809
Stand-Up Comedy,s4941
Stand-Up Comedy,s4990
Stand-Up Comedy,s4483
Stand-Up Comedy,s4945
Stand-Up Comedy,s4757
Stand-Up Comedy,s5087
Stand-Up Comedy,s4775
Stand-Up Comedy,s5063
Stand-Up Comedy,s5002
Stand-Up Comedy,s5050
Stand-Up Comedy,s4700
Stand-Up Comedy,s3647
Stand-Up Comedy,s4685
Stand-Up Comedy,s5062
Stand-Up Comedy,s4750
Stand-Up Comedy,s4526
Stand-Up Comedy,s3646
Stand-Up Comedy,s5067
Stand-Up Comedy,s5006
Stand-Up Comedy,s5035
Stand-Up Comedy,s5088
Stand-Up Comedy,s5079
Stand-Up Comedy,s5061
Stand-Up Comedy,s5077
Stand-Up Comedy,s4963
Stand-Up Comedy,s4982
Stand-Up Comedy,s4326
Stand-Up Comedy,s4850
Stand-Up Comedy,s4632
Stand-Up Comedy,s4867
Stand-Up Comedy,s5068
Stand-Up Comedy,s4506
Stand-Up Comedy,s4542
Stand-Up Comedy,s4864
Stand-Up Comedy,s4378
Stand-Up Comedy,s5040
Stand-Up Comedy,s4891
Stand-Up Comedy,s4916
Stand-Up Comedy,s4836
Stand-Up Comedy,s4933
Stand-Up Comedy,s4815
Stand-Up Comedy,s5025
Stand-Up Comedy,s4871
Stand-Up Comedy,s4315
Stand-Up Comedy,s1993
Stand-Up Comedy,s5003
Stand-Up Comedy,s4824
Stand-Up Comedy,s4939
Stand-Up Comedy,s4877
Stand-Up Comedy,s5612
Stand-Up Comedy,s5560
Stand-Up Comedy,s1337
Stand-Up Comedy,s5197
Stand-Up Comedy,s5262
Stand-Up Comedy,s4436
Stand-Up Comedy,s5282
Stand-Up Comedy,s5615
Stand-Up Comedy,s5623
Stand-Up Comedy,s7561
Stand-Up Comedy,s5496
Stand-Up Comedy,s5476
Stand-Up Comedy,s5431
Stand-Up Comedy,s5284
Stand-Up Comedy,s5128
Stand-Up Comedy,s5587
Stand-Up Comedy,s5469
Stand-Up Comedy,s5277
Stand-Up Comedy,s5118
Stand-Up Comedy,s5647
Stand-Up Comedy,s5343
Stand-Up Comedy,s5177
Stand-Up Comedy,s5629
Stand-Up Comedy,s5583
Stand-Up Comedy,s5481
Stand-Up Comedy,s5231
Stand-Up Comedy,s5280
Stand-Up Comedy,s5493
Stand-Up Comedy,s5109
Stand-Up Comedy,s5577
Stand-Up Comedy,s6472
Stand-Up Comedy,s5372
Stand-Up Comedy,s5558
Stand-Up Comedy,s5608
Stand-Up Comedy,s5498
Stand-Up Comedy,s5632
Stand-Up Comedy,s5519
Stand-Up Comedy,s5425
Stand-Up Comedy,s5417
Stand-Up Comedy,s5235
Stand-Up Comedy,s5214
Stand-Up Comedy,s5172
Stand-Up Comedy,s2703
Stand-Up Comedy,s5628
Stand-Up Comedy,s5370
Stand-Up Comedy,s5135
Stand-Up Comedy,s5205
Stand-Up Comedy,s5526
Stand-Up Comedy,s5320
Stand-Up Comedy,s5225
Stand-Up Comedy,s5433
Stand-Up Comedy,s5799
Stand-Up Comedy,s5873
Stand-Up Comedy,s5836
Stand-Up Comedy,s5840
Stand-Up Comedy,s5785
Stand-Up Comedy,s4084
Stand-Up Comedy,s5722
Stand-Up Comedy,s5820
Stand-Up Comedy,s5759
Stand-Up Comedy,s5876
Stand-Up Comedy,s5679
Stand-Up Comedy,s5554
Stand-Up Comedy,s5848
Stand-Up Comedy,s5794
Stand-Up Comedy,s5709
Stand-Up Comedy,s5860
Stand-Up Comedy,s5714
Stand-Up Comedy,s5791
Stand-Up Comedy,s5792
Stand-Up Comedy,s3623
Stand-Up Comedy,s5790
Stand-Up Comedy,s5746
Stand-Up Comedy,s5725
Stand-Up Comedy,s5787
Stand-Up Comedy,s5788
Stand-Up Comedy,s5851
Stand-Up Comedy,s5712
Stand-Up Comedy,s3618
Stand-Up Comedy,s5869
Stand-Up Comedy,s5789
Stand-Up Comedy,s5718
Stand-Up Comedy,s5905
Stand-Up Comedy,s4461
Stand-Up Comedy,s5918
Stand-Up Comedy,s5914
Stand-Up Comedy,s5912
Stand-Up Comedy,s3062
Stand-Up Comedy,s5920
Stand-Up Comedy,s5327
Stand-Up Comedy,s5916
Stand-Up Comedy,s5891
Stand-Up Comedy,s5879
Stand-Up Comedy,s5900
Stand-Up Comedy,s5885
Stand-Up Comedy,s3620
Stand-Up Comedy,s5906
Stand-Up Comedy,s3261
Stand-Up Comedy,s5379
Stand-Up Comedy,s5928
Stand-Up Comedy,s5929
Stand-Up Comedy,s5380
Stand-Up Comedy,s5925
Stand-Up Comedy,s3621
Stand-Up Comedy,s5922
Stand-Up Comedy,s4451
Stand-Up Comedy,s4792
Stand-Up Comedy,s4235
Stand-Up Comedy,s4786
Stand-Up Comedy,s5939
Stand-Up Comedy,s4010
Stand-Up Comedy,s4249
Stand-Up Comedy,s4684
Stand-Up Comedy,s4787
Stand-Up Comedy,s4951
Stand-Up Comedy,s4789
Stand-Up Comedy,s4223
Stand-Up Comedy,s5713
Stand-Up Comedy,s4804
Stand-Up Comedy,s4788
Stand-Up Comedy,s3513
Stand-Up Comedy,s4009
Stand-Up Comedy,s5821
Stand-Up Comedy,s4229
Stand-Up Comedy,s7181
Stand-Up Comedy,s2979
Stand-Up Comedy,s3241
Stand-Up Comedy,s4236
Stand-Up Comedy,s4011
Stand-Up Comedy,s4859
Stand-Up Comedy,s4448
Stand-Up Comedy,s4081
Stand-Up Comedy,s4008
Stand-Up Comedy,s4238
Stand-Up Comedy,s4234
Stand-Up Comedy,s4245
Stand-Up Comedy,s4230
Stand-Up Comedy,s4246
Stand-Up Comedy,s4239
Stand-Up Comedy,s4240
Stand-Up Comedy,s4232
Stand-Up Comedy,s4233
Stand-Up Comedy,s6666
Stand-Up Comedy,s5705
Stand-Up Comedy,s1279
Stand-Up Comedy,s1190
Stand-Up Comedy,s2953
Stand-Up Comedy,s1646
Stand-Up Comedy,s4154
Stand-Up Comedy,s3930
Stand-Up Comedy,s3425
Stand-Up Comedy,s3777
Stand-Up Comedy,s3600
Stand-Up Comedy,s2870
Stand-Up Comedy,s4852
Stand-Up Comedy,s4999
Stand-Up Comedy,s4855
Stand-Up Comedy,s5072
Stand-Up Comedy,s4782
Stand-Up Comedy,s5640
Stand-Up Comedy,s5316
Stand-Up Comedy,s5269
Stand-Up Comedy,s5358
Stand-Up Comedy,s5595
Stand-Up Comedy,s5661
Stand-Up Comedy,s5809
Stand-Up Comedy,s5895
Stand-Up Comedy,s5819
Stand-Up Comedy,s2015
Stand-Up Comedy,s2572
Stand-Up Comedy,s5818
Stand-Up Comedy,s4250
Stand-Up Comedy,s5816
Stand-Up Comedy,s5057
Stand-Up Comedy,s5536
Stand-Up Comedy,s7180
Stand-Up Comedy,s7179
Stand-Up Comedy,s7412
Stand-Up Comedy,s1451
Stand-Up Comedy,s6594
Stand-Up Comedy,s1192
Stand-Up Comedy,s7910
Stand-Up Comedy,s7057
Stand-Up Comedy,s6311
Stand-Up Comedy,s6055
Stand-Up Comedy,s7173
Stand-Up Comedy,s839
Stand-Up Comedy,s827
Stand-Up Comedy,s767
Stand-Up Comedy,s485
Stand-Up Comedy,s476
Stand-Up Comedy,s360
Stand-Up Comedy,s279
